{"cameraMode":{"drawMode":0,"name":"Shaded","section":"Shading Mode"},"sceneLighting":true,"audioPlay":false,"sceneViewState":{"showFog":true,"showMaterialUpdate":false,"showSkybox":true,"showFlares":true,"showImageEffects":true,"showParticleSystems":true},"in2DMode":false,"pivot":{"x":202.86203002929688,"y":130.0777587890625,"z":359.9745178222656},"rotation":{"x":0.13469520211219788,"y":-0.3170336186885834,"z":0.04611949250102043,"w":0.9380174875259399},"size":371.2118835449219,"orthographic":false}