{"cameraMode":{"drawMode":0,"name":"Shaded","section":"Shading Mode"},"sceneLighting":true,"audioPlay":false,"sceneViewState":{"showFog":true,"showMaterialUpdate":true,"showSkybox":true,"showFlares":true,"showImageEffects":true,"showParticleSystems":true},"in2DMode":false,"pivot":{"x":-0.4579148292541504,"y":0.0,"z":-11.300000190734864},"rotation":{"x":-0.07314348965883255,"y":-0.9153969287872315,"z":0.19397002458572389,"w":-0.3451620042324066},"size":30.657581329345704,"orthographic":false}