{"cameraMode":{"drawMode":0,"name":"Shaded","section":"Shading Mode"},"sceneLighting":true,"audioPlay":false,"sceneViewState":{"showFog":true,"showMaterialUpdate":true,"showSkybox":true,"showFlares":true,"showImageEffects":true,"showParticleSystems":true},"in2DMode":false,"pivot":{"x":-7.458178520202637,"y":-0.5101244449615479,"z":12.606353759765625},"rotation":{"x":-0.13508662581443788,"y":0.33942610025405886,"z":-0.04932419955730438,"w":-0.9295786023139954},"size":20.7938175201416,"orthographic":false}