{"cameraMode":{"drawMode":0,"name":"Shaded","section":"Shading Mode"},"sceneLighting":true,"audioPlay":false,"sceneViewState":{"showFog":true,"showMaterialUpdate":true,"showSkybox":true,"showFlares":true,"showImageEffects":true,"showParticleSystems":true},"in2DMode":false,"pivot":{"x":-0.4579148292541504,"y":3.347658157348633,"z":-9.239288330078125},"rotation":{"x":-0.07402629405260086,"y":-0.8997284173965454,"z":0.16819606721401215,"w":-0.3959566354751587},"size":61.80918502807617,"orthographic":false}