{"cameraMode":{"drawMode":0,"name":"Shaded","section":"Shading Mode"},"sceneLighting":true,"audioPlay":false,"sceneViewState":{"showFog":true,"showMaterialUpdate":true,"showSkybox":true,"showFlares":true,"showImageEffects":true,"showParticleSystems":true},"in2DMode":false,"pivot":{"x":6.944779396057129,"y":1.6525089740753174,"z":-1.0286189317703248},"rotation":{"x":-0.12155628949403763,"y":-0.44930168986320498,"z":0.06185239925980568,"w":-0.8829418420791626},"size":18.96588134765625,"orthographic":false}