{"cameraMode":{"drawMode":0,"name":"Shaded","section":"Shading Mode"},"sceneLighting":true,"audioPlay":false,"sceneViewState":{"showFog":true,"showMaterialUpdate":true,"showSkybox":true,"showFlares":true,"showImageEffects":true,"showParticleSystems":true},"in2DMode":false,"pivot":{"x":-4.746076583862305,"y":0.9181118011474609,"z":-14.151775360107422},"rotation":{"x":-0.07314348965883255,"y":-0.9153969287872315,"z":0.19397002458572389,"w":-0.3451620042324066},"size":67.14374542236328,"orthographic":false}