{"cameraMode":{"drawMode":0,"name":"Shaded","section":"Shading Mode"},"sceneLighting":true,"audioPlay":false,"sceneViewState":{"showFog":true,"showMaterialUpdate":true,"showSkybox":true,"showFlares":true,"showImageEffects":true,"showParticleSystems":true},"in2DMode":false,"pivot":{"x":17.467113494873048,"y":16.102312088012697,"z":-58.89695739746094},"rotation":{"x":-0.01317906379699707,"y":-0.816251814365387,"z":0.018616043031215669,"w":-0.5772984623908997},"size":32.16388702392578,"orthographic":false}