{"cameraMode":{"drawMode":0,"name":"Shaded","section":"Shading Mode"},"sceneLighting":true,"audioPlay":false,"sceneViewState":{"showFog":true,"showMaterialUpdate":true,"showSkybox":true,"showFlares":true,"showImageEffects":true,"showParticleSystems":true},"in2DMode":false,"pivot":{"x":-3.7800216674804689,"y":2.972097158432007,"z":3.9135074615478517},"rotation":{"x":-0.06465745717287064,"y":0.8184322714805603,"z":-0.09396433085203171,"w":-0.5631686449050903},"size":6.848971366882324,"orthographic":false}