{"cameraMode":{"drawMode":0,"name":"Shaded","section":"Shading Mode"},"sceneLighting":true,"audioPlay":false,"sceneViewState":{"showFog":true,"showMaterialUpdate":true,"showSkybox":true,"showFlares":true,"showImageEffects":true,"showParticleSystems":true},"in2DMode":false,"pivot":{"x":11.844955444335938,"y":4.529569625854492,"z":-8.40200138092041},"rotation":{"x":-0.08111131936311722,"y":-0.5543118119239807,"z":0.05438642576336861,"w":-0.8265962600708008},"size":18.96588134765625,"orthographic":false}